{"_wandb":{"runtime":862},"model_params_M":44.343296,"batch_size":4,"_timestamp":1.759291113769875e+09,"train_loss":1220.507917688248,"temperature":1.7,"_step":15,"val_loss":2538.7053252429496,"_runtime":861.644969018,"epoch":6,"alpha":0.6,"train_distillation_loss":2028.5896086997175,"train_ce_loss":8.385263361829393,"val_ce_loss":8.250109021256609,"epoch_time_s":87.64592862129211,"val_distillation_loss":4225.675269150152}