{"_runtime":1098.194967709,"val_ce_loss":8.65858735107794,"train_loss":346.8793446966942,"val_loss":1246.0759589962843,"val_distillation_loss":2483.4933248380335,"alpha":0.5,"epoch_time_s":115.45466375350952,"train_distillation_loss":686.2850156743476,"train_ce_loss":7.473672039965366,"_timestamp":1.7592230576961498e+09,"epoch":6,"model_params_M":202.012672,"temperature":2,"_wandb":{"runtime":1099},"batch_size":4,"_step":15}