{"batch_size":4,"val_ce_loss":7.177252920662484,"epoch_time_s":82.74905228614807,"val_loss":1145.8353420350609,"temperature":1.5,"_timestamp":1.7592787426839373e+09,"val_distillation_loss":3802.704095607851,"alpha":0.3,"_step":15,"model_params_M":44.343296,"_wandb":{"runtime":822},"train_ce_loss":7.271805139298134,"_runtime":821.788743545,"train_distillation_loss":1743.5922228224733,"epoch":6,"train_loss":528.1679525172457}