{"batch_size":4,"train_distillation_loss":2679.4984650307515,"model_params_M":44.343296,"temperature":1.5,"alpha":0.3,"epoch":4,"_runtime":584.7234106,"val_distillation_loss":4643.520722179878,"train_loss":809.5821221534242,"epoch_time_s":82.81365990638733,"_wandb":{"runtime":589},"val_ce_loss":8.066695655264505,"val_loss":1398.7029761337653,"train_ce_loss":8.18935259352339,"_step":11,"_timestamp":1.7592778717073321e+09}