{"alpha":0.5,"train_distillation_loss":1916.0618597801695,"val_loss":1974.105751595846,"val_distillation_loss":3940.3746546303355,"_wandb":{"runtime":844},"_step":15,"_runtime":843.999010032,"_timestamp":1.759159148413885e+09,"val_ce_loss":7.836815147865109,"model_params_M":44.343296,"epoch":6,"temperature":2,"batch_size":4,"train_loss":961.8803042148022,"train_ce_loss":7.698751368421189,"epoch_time_s":85.622239112854}