{"alpha":0.7,"_timestamp":1.7593014426800094e+09,"_runtime":1039.681154679,"epoch":6,"train_loss":482.6140437024705,"_wandb":{"runtime":1041},"batch_size":4,"model_params_M":202.012672,"temperature":2,"val_ce_loss":8.479236125946045,"val_loss":1725.853750833651,"train_distillation_loss":686.1670964017827,"val_distillation_loss":2461.8714331650153,"train_ce_loss":7.65693620925254,"_step":15,"epoch_time_s":109.656982421875}